{
  "logistic_regression": {
    "roc_auc": 0.4666666666666667,
    "precision": 0.0,
    "recall": 0.0,
    "f1": 0.0,
    "brier_score": 0.07380750009657602
  },
  "random_forest": {
    "roc_auc": 0.5,
    "precision": 0.0,
    "recall": 0.0,
    "f1": 0.0,
    "brier_score": 0.081316
  }
}