{
  "logistic_regression": {
    "roc_auc": 0.711111111111111,
    "precision": 0.2,
    "recall": 0.2,
    "f1": 0.2,
    "brier_score": 0.056668209664122914
  },
  "random_forest": {
    "roc_auc": 0.711111111111111,
    "precision": 0.0,
    "recall": 0.0,
    "f1": 0.0,
    "brier_score": 0.06432
  }
}